Guid,Description,IsActive,Name
0dd17af2-6fb1-4612-a713-7a55d82c6465,"#N/A",false,National Account Pricebook6
195e4e07-4a63-4e02-b0ce-9f0b2ea4a9fe,"#N/A",true,National Pricebook
2ce8d4b5-5a53-463c-8f96-3f2a8b591546,"#N/A",true,National Pricebook
3faf49fc-58fd-4609-8bdd-8523dc45552a,"#N/A",true,Standard Price Book
67287349-78bb-4de7-8699-4a681097535c,"#N/A",true,Standard Price Book
70018ece-9053-43c0-8cff-ee44c0ffd126,"#N/A",true,National Pricebook 3
797e5e5b-a05e-4fdb-8b2a-1434b0243668,"#N/A",true,National Pricebook 2
a50a2743-b884-476b-bfc4-9c2b7754435b,"#N/A",true,National Pricebook 2
d78b63b9-0b76-4c71-8629-cd6ea4be0c88,"#N/A",false,Standard Price Book
fb7f6d59-7f1c-4a12-b8de-87cda588dee7,"#N/A",true,National Pricebook 3
